<?xml version="1.0" encoding="UTF-8"?>
<configuration>
    <appender name="Console" class="ch.qos.logback.core.ConsoleAppender">
        <encoder>
            <pattern>%d - %msg%n</pattern>
        </encoder>
    </appender>

    <appender name="RollingFile" class="ch.qos.logback.core.rolling.RollingFileAppender">
        <file>logs/app.log</file>
        <encoder>
            <pattern>%d - %msg%n</pattern>
        </encoder>

        <rollingPolicy class="ch.qos.logback.core.rolling.SizeAndTimeBasedRollingPolicy">
            <fileNamePattern>PhoneBook-%d{yyyy-MM-dd}.%i.log</fileNamePattern>
            <maxFileSize>100MB</maxFileSize>
            <maxHistory>30</maxHistory>
            <totalSizeCap>100MB</totalSizeCap>
            <cleanHistoryOnStart>false</cleanHistoryOnStart>
        </rollingPolicy>
    </appender>

    <appender name="PhoneBookAudit" class="ch.qos.logback.core.FileAppender">
        <file>logs/audits.log</file>
        <encoder>
            <pattern>%d - %msg%n</pattern>
        </encoder>
        <append>false</append>
    </appender>

    <logger name="PhoneBookLogger" level="INFO" additivity="false">
        <appender-ref ref="Console" />
        <appender-ref ref="PhoneBookAudit" />
    </logger>

    <root level="INFO">
        <appender-ref ref="Console" />
        <appender-ref ref="RollingFile" />
    </root>
</configuration>