{"properties": [
  {
    "name": "READ_WRITE_USER_PWD",
    "type": "java.lang.String"
  },
  {
    "name": "READ_WRITE_USER",
    "type": "java.lang.String"
  },
  {
    "name": "READ_USER_PWD",
    "type": "java.lang.String"
  },
  {
    "name": "READ_USER",
    "type": "java.lang.String"
  },
  {
    "name": "DATABASE_URL",
    "type": "java.lang.String"
  },
  {
    "name": "application.security.jwt.secret-key",
    "type": "java.lang.String"
  },
  {
    "name": "application.security.jwt.expiration",
    "type": "java.lang.String"
  },
  {
    "name": "application.security.jwt.refresh-token.expiration",
    "type": "java.lang.String"
  },
  {
    "name": "JWT_SECRET_KEY",
    "type": "java.lang.String"
  }
]}